{
  "version": "1.0",
  "taskbook": "master_taskbook_PZO_DEPLOYMENT_HOW_TO_DEPLOY_v1_0.ndjson",
  "started_at": 1771610481.504035,
  "last_updated": 1771721222.839947,
  "completed": [
    "PZO_INFRA_T001",
    "PZO_INFRA_T002",
    "PZO_INFRA_T003",
    "PZO_INFRA_T004",
    "PZO_INFRA_T005",
    "PZO_INFRA_T006",
    "PZO_INFRA_T007",
    "PZO_INFRA_T008",
    "PZO_INFRA_T009",
    "PZO_INFRA_T010",
    "PZO_INFRA_T011",
    "PZO_INFRA_T012",
    "PZO_INFRA_T013",
    "PZO_INFRA_T014",
    "PZO_INFRA_T015",
    "PZO_INFRA_T016",
    "PZO_INFRA_T017",
    "PZO_INFRA_T018",
    "PZO_INFRA_T019",
    "PZO_INFRA_T020",
    "PZO_AUTH_T001",
    "PZO_AUTH_T002",
    "PZO_AUTH_T003",
    "PZO_AUTH_T004",
    "PZO_AUTH_T005",
    "PZO_AUTH_T006",
    "PZO_AUTH_T007",
    "PZO_AUTH_T008",
    "PZO_GAME_T001",
    "PZO_GAME_T002",
    "PZO_GAME_T003",
    "PZO_GAME_T004",
    "PZO_GAME_T005",
    "PZO_GAME_T006",
    "PZO_GAME_T007",
    "PZO_GAME_T008",
    "PZO_GAME_T009",
    "PZO_GAME_T010",
    "PZO_GAME_T011",
    "PZO_GAME_T012",
    "PZO_GAME_T013",
    "PZO_GAME_T014",
    "PZO_GAME_T015",
    "PZO_GAME_T016",
    "PZO_GAME_T017",
    "PZO_GAME_T018",
    "PZO_GAME_T019",
    "PZO_GAME_T020",
    "PZO_GAME_T021",
    "PZO_GAME_T022",
    "PZO_GAME_T023",
    "PZO_CONT_T001",
    "PZO_CONT_T002",
    "PZO_CONT_T003",
    "PZO_CONT_T004",
    "PZO_CONT_T005",
    "PZO_CONT_T006",
    "PZO_CONT_T007",
    "PZO_CONT_T008",
    "PZO_CONT_T009",
    "PZO_CONT_T010",
    "PZO_CONT_T011",
    "PZO_CONT_T012",
    "PZO_BAL_T001",
    "PZO_BAL_T002",
    "PZO_BAL_T003",
    "PZO_BAL_T004",
    "PZO_BAL_T005",
    "PZO_BAL_T006",
    "PZO_BAL_T007",
    "PZO_BAL_T008",
    "PZO_BAL_T009",
    "PZO_BAL_T010",
    "PZO_SHARE_T001",
    "PZO_SHARE_T002",
    "PZO_SHARE_T003",
    "PZO_SHARE_T004",
    "PZO_SHARE_T005",
    "PZO_SHARE_T006",
    "PZO_SHARE_T007",
    "PZO_SHARE_T008",
    "PZO_SHARE_T009",
    "PZO_SHARE_T010",
    "PZO_SHARE_T011",
    "PZO_SHARE_T012",
    "PZO_SHARE_T013",
    "PZO_SHARE_T014",
    "PZO_SHARE_T015",
    "PZO_AAP_T001",
    "PZO_AAP_T002",
    "PZO_AAP_T003",
    "PZO_AAP_T004",
    "PZO_AAP_T005",
    "PZO_AAP_T006",
    "PZO_AAP_T007",
    "PZO_AAP_T008",
    "PZO_AAP_T009",
    "PZO_TRUST_T001",
    "PZO_TRUST_T002",
    "PZO_TRUST_T003",
    "PZO_TRUST_T004",
    "PZO_TRUST_T005",
    "PZO_TRUST_T010",
    "PZO_TRUST_T011",
    "PZO_TRUST_T020",
    "PZO_TRUST_T021",
    "PZO_TRUST_T030",
    "PZO_TRUST_T031",
    "PZO_TRUST_T032",
    "PZO_TRUST_T033",
    "PZO_TRUST_T034",
    "PZO_TRUST_T040",
    "PZO_TRUST_T041",
    "PZO_TRUST_T042",
    "PZO_TRUST_T043",
    "PZO_TRUST_T044",
    "PZO_TRUST_T050",
    "PZO_TRUST_T051",
    "PZO_TRUST_T052",
    "PZO_TRUST_T053",
    "PZO_TRUST_T060",
    "PZO_TRUST_T061",
    "PZO_TRUST_T062",
    "PZO_TRUST_T063",
    "PZO_TRUST_T070",
    "PZO_TRUST_T071",
    "PZO_TRUST_T072",
    "PZO_TRUST_T073",
    "PZO_TRUST_T074",
    "PZO_TRUST_T075",
    "PZO_TRUST_T080",
    "PZO_TRUST_T081",
    "PZO_TRUST_T082",
    "PZO_TRUST_T083",
    "PZO_TRUST_T084",
    "PZO_TRUST_T085",
    "PZO_TRUST_T086",
    "PZO_TRUST_T090",
    "PZO_TRUST_T091",
    "PZO_TRUST_T092",
    "PZO_TRUST_T093",
    "PZO_TRUST_T100",
    "PZO_TRUST_T101",
    "PZO_TRUST_T102",
    "PZO_TRUST_T103",
    "PZO_TRUST_T110",
    "PZO_TRUST_T111",
    "PZO_TRUST_T112",
    "PZO_TRUST_T120",
    "PZO_TRUST_T121",
    "PZO_TRUST_T122",
    "PZO_TRUST_T123",
    "PZO_TRUST_T130",
    "PZO_TRUST_T131",
    "PZO_TRUST_T132",
    "PZO_TRUST_T140",
    "PZO_TRUST_T141",
    "PZO_TRUST_T142",
    "PZO_TRUST_T150",
    "PZO_TRUST_T151",
    "PZO_VBR_T001",
    "PZO_VBR_T002",
    "PZO_VBR_T003",
    "PZO_VBR_T004",
    "PZO_VBR_T005",
    "PZO_VBR_T006",
    "PZO_VBR_T007",
    "PZO_VBR_T008",
    "PZO_VBR_T009",
    "PZO_VBR_T010",
    "PZO_VBR_T011",
    "PZO_VBR_T012",
    "PZO_LADDER_T001",
    "PZO_LADDER_T002",
    "PZO_LADDER_T003",
    "PZO_LADDER_T004",
    "PZO_LADDER_T005",
    "PZO_LADDER_T006",
    "PZO_LADDER_T007",
    "PZO_LADDER_T008",
    "PZO_LADDER_T020",
    "PZO_LADDER_T021",
    "PZO_LADDER_T022",
    "PZO_LADDER_T023",
    "PZO_LADDER_T030",
    "PZO_LADDER_T031",
    "PZO_LADDER_T032",
    "PZO_LADDER_T033",
    "PZO_LADDER_T040",
    "PZO_LADDER_T041",
    "PZO_LADDER_T042",
    "PZO_LADDER_T043",
    "PZO_LADDER_T044",
    "PZO_LADDER_T050",
    "PZO_LADDER_T051",
    "PZO_LADDER_T052",
    "PZO_LADDER_T053",
    "PZO_LADDER_T060",
    "PZO_LADDER_T061",
    "PZO_LADDER_T062",
    "PZO_LADDER_T063",
    "PZO_LADDER_T064",
    "PZO_LADDER_T065",
    "PZO_LADDER_T070",
    "PZO_LADDER_T071",
    "PZO_LADDER_T072",
    "PZO_LADDER_T073",
    "PZO_LADDER_T074",
    "PZO_LADDER_T075",
    "PZO_LADDER_T080",
    "PZO_LADDER_T081",
    "PZO_LADDER_T082",
    "PZO_LADDER_T083",
    "PZO_LADDER_T090",
    "PZO_LADDER_T091",
    "PZO_LADDER_T092",
    "PZO_LADDER_T093",
    "PZO_LADDER_T094",
    "PZO_LADDER_T095",
    "PZO_LADDER_T100",
    "PZO_LADDER_T101",
    "PZO_LADDER_T102",
    "PZO_LADDER_T103",
    "PZO_LADDER_T110",
    "PZO_LADDER_T111",
    "PZO_LADDER_T112",
    "PZO_LADDER_T113",
    "PZO_LADDER_T120",
    "PZO_LADDER_T121",
    "PZO_LADDER_T122",
    "PZO_LADDER_T123",
    "PZO_LADDER_T130",
    "PZO_LADDER_T131",
    "PZO_LADDER_T132",
    "PZO_LADDER_T140",
    "PZO_LADDER_T141",
    "PZO_LADDER_T142",
    "PZO_LADDB_T001",
    "PZO_LADDB_T002",
    "PZO_LADDB_T003",
    "PZO_LADDB_T004",
    "PZO_LADDB_T005",
    "PZO_LADDB_T006",
    "PZO_LADDB_T007",
    "PZO_LADDB_T008",
    "PZO_LADDB_T009",
    "PZO_LADDB_T010",
    "PZO_LADDB_T011",
    "PZO_LADDB_T012",
    "PZO_LADDB_T013",
    "PZO_LADDB_T014",
    "PZO_LADDB_T015",
    "PZO_S0_T001",
    "PZO_S0_T002",
    "PZO_S0_T003",
    "PZO_S0_T004",
    "PZO_S0_T005",
    "PZO_S0_T006",
    "PZO_S0_T007",
    "PZO_S0_T008",
    "PZO_S0_T009",
    "PZO_S0_T010",
    "PZO_S0_T020",
    "PZO_S0_T021",
    "PZO_S0_T022",
    "PZO_S0_T023",
    "PZO_S0_T024",
    "PZO_S0_T030",
    "PZO_S0_T031",
    "PZO_S0_T032",
    "PZO_S0_T033",
    "PZO_S0_T034",
    "PZO_S0_T040",
    "PZO_S0_T041",
    "PZO_S0_T042",
    "PZO_S0_T043",
    "PZO_S0_T044",
    "PZO_S0_T045",
    "PZO_S0_T046",
    "PZO_S0_T050",
    "PZO_S0_T051",
    "PZO_S0_T052",
    "PZO_S0_T053",
    "PZO_S0_T054",
    "PZO_S0_T055",
    "PZO_S0_T060",
    "PZO_S0_T061",
    "PZO_S0_T062",
    "PZO_S0_T063",
    "PZO_S0_T064",
    "PZO_S0_T070",
    "PZO_S0_T071",
    "PZO_S0_T072",
    "PZO_S0_T073",
    "PZO_S0_T074",
    "PZO_S0_T080",
    "PZO_S0_T081",
    "PZO_S0_T082",
    "PZO_S0_T090",
    "PZO_S0_T091",
    "PZO_S0_T092",
    "PZO_S0_T093",
    "PZO_S0_T094",
    "PZO_S0_T100",
    "PZO_S0_T101",
    "PZO_S0_T102",
    "PZO_S0_T103",
    "PZO_S0_T104",
    "PZO_S0_T105",
    "PZO_S0_T110",
    "PZO_S0_T111",
    "PZO_S0_T112",
    "PZO_S0_T113",
    "PZO_S0_T114",
    "PZO_S0_T115",
    "PZO_S0_T120",
    "PZO_S0_T121",
    "PZO_S0_T122",
    "PZO_S0_T123",
    "PZO_S0_T124",
    "PZO_S0_T130",
    "PZO_S0_T131",
    "PZO_S0_T132",
    "PZO_S0_T133",
    "PZO_S0_T134",
    "PZO_S0_T140",
    "PZO_S0_T141",
    "PZO_S0_T142",
    "PZO_S0_T143",
    "PZO_S0_T150",
    "PZO_S0_T151",
    "PZO_S0_T152",
    "PZO_S0_T153",
    "PZO_S0_T154",
    "PZO_S0_T160",
    "PZO_S0_T161",
    "PZO_S0_T162",
    "PZO_S0_T163",
    "PZO_S0B_T001",
    "PZO_S0B_T002",
    "PZO_S0B_T003",
    "PZO_S0B_T004",
    "PZO_S0B_T005",
    "PZO_S0B_T006",
    "PZO_S0B_T007",
    "PZO_S0B_T008",
    "PZO_S0B_T009",
    "PZO_S0B_T010",
    "PZO_S0B_T011",
    "PZO_S0B_T012",
    "PZO_S0B_T013",
    "PZO_S0B_T014",
    "PZO_S0B_T015",
    "PZO_S0B_T016",
    "PZO_S0B_T017",
    "PZO_CREATOR_T001",
    "PZO_CREATOR_T002",
    "PZO_CREATOR_T003",
    "PZO_CREATOR_T004",
    "PZO_CREATOR_T005",
    "PZO_CREATOR_T006",
    "PZO_CREATOR_T007",
    "PZO_CREATOR_T008",
    "PZO_CREATOR_T009",
    "PZO_CREATOR_T020",
    "PZO_CREATOR_T021",
    "PZO_CREATOR_T022",
    "PZO_CREATOR_T023",
    "PZO_CREATOR_T024",
    "PZO_CREATOR_T025",
    "PZO_CREATOR_T026",
    "PZO_CREATOR_T027",
    "PZO_CREATOR_T030",
    "PZO_CREATOR_T031",
    "PZO_CREATOR_T032",
    "PZO_CREATOR_T033",
    "PZO_CREATOR_T034",
    "PZO_CREATOR_T035",
    "PZO_CREATOR_T036",
    "PZO_CREATOR_T040",
    "PZO_CREATOR_T041",
    "PZO_CREATOR_T042",
    "PZO_CREATOR_T043",
    "PZO_CREATOR_T050",
    "PZO_CREATOR_T051",
    "PZO_CREATOR_T052",
    "PZO_CREATOR_T053",
    "PZO_CREATOR_T054",
    "PZO_CREATOR_T060",
    "PZO_CREATOR_T061",
    "PZO_CREATOR_T062",
    "PZO_CREATOR_T063",
    "PZO_CREATOR_T064",
    "PZO_CREATOR_T070",
    "PZO_CREATOR_T071",
    "PZO_CREATOR_T072",
    "PZO_CREATOR_T073",
    "PZO_CREATOR_T074",
    "PZO_CREATOR_T075",
    "PZO_CREATOR_T080",
    "PZO_CREATOR_T081",
    "PZO_CREATOR_T082",
    "PZO_CREATOR_T083",
    "PZO_CREATOR_T090",
    "PZO_CREATOR_T091",
    "PZO_CREATOR_T092",
    "PZO_CREATOR_T093",
    "PZO_CREATOR_T094",
    "PZO_CREATOR_T100",
    "PZO_CREATOR_T101",
    "PZO_CREATOR_T102",
    "PZO_CREATOR_T103",
    "PZO_CREATOR_T104",
    "PZO_CREATOR_T110",
    "PZO_CREATOR_T111",
    "PZO_CREATOR_T112",
    "PZO_CREATOR_T113",
    "PZO_CREATOR_T120",
    "PZO_CREATOR_T121",
    "PZO_CREATOR_T122",
    "PZO_CREATOR_T123",
    "PZO_CREATOR_T124",
    "PZO_CREATOR_T125",
    "PZO_CREATOR_T130",
    "PZO_CREATOR_T131",
    "PZO_CREATOR_T132",
    "PZO_CREATOR_T133",
    "PZO_CREATOR_T140",
    "PZO_CREATOR_T141",
    "PZO_CREATOR_T142",
    "PZO_CREATOR_T143",
    "PZO_CREATOR_T144",
    "PZO_CREATOR_T145",
    "PZO_CREATOR_T146",
    "PZO_CREATOR_T147",
    "PZO_CREATOR_T148",
    "PZO_CREATOR_T150",
    "PZO_CREATOR_T151",
    "PZO_CREATOR_T152",
    "PZO_CREATOR_T153",
    "PZO_CREATOR_T160",
    "PZO_CREATOR_T161",
    "PZO_CREATOR_T162",
    "PZO_CREATOR_T170",
    "PZO_CREATOR_T171",
    "PZO_CREATOR_T172",
    "PZO_CEP_T001",
    "PZO_CEP_T002",
    "PZO_CEP_T003",
    "PZO_CEP_T004",
    "PZO_CEP_T005",
    "PZO_CEP_T006",
    "PZO_CEP_T007",
    "PZO_CEP_T008",
    "PZO_CEP_T009",
    "PZO_CEP_T010",
    "PZO_CEP_T011",
    "PZO_CEP_T012",
    "PZO_CEP_T013",
    "PZO_CEP_T020",
    "PZO_CEP_T021",
    "PZO_CEP_T022",
    "PZO_CEP_T023",
    "PZO_CEP_T024",
    "PZO_CEP_T025",
    "PZO_HOS_T001",
    "PZO_HOS_T002",
    "PZO_HOS_T003",
    "PZO_HOS_T004",
    "PZO_HOS_T005",
    "PZO_HOS_T006",
    "PZO_HOS_T007",
    "PZO_HOS_T008",
    "PZO_HOS_T009",
    "PZO_HOS_T010",
    "PZO_HOS_T011",
    "PZO_HOS_T012",
    "PZO_HOS_T013",
    "PZO_HOS_T014",
    "PZO_HOS_T015",
    "PZO_HOS_T016",
    "PZO_HOS_T017",
    "PZO_HOS_T018",
    "PZO_HOS_T019",
    "PZO_HOS_T020",
    "HOS_T00001",
    "HOS_T00002",
    "HOS_T00003",
    "HOS_T00004",
    "HOS_T00005",
    "HOS_T00006",
    "HOS_T00007",
    "HOS_T00008",
    "HOS_T00009",
    "HOS_T00010",
    "HOS_T00011",
    "HOS_T00012",
    "HOS_T00013",
    "HOS_T00014",
    "HOS_T00015",
    "HOS_T00016",
    "HOS_T00017",
    "HOS_T00018",
    "HOS_T00019",
    "HOS_T00020",
    "HOS_T00021",
    "HOS_T00022",
    "HOS_T00023",
    "HOS_T00024",
    "HOS_T00025",
    "HOS_T00026",
    "HOS_T00027",
    "HOS_T00028",
    "HOS_T00029",
    "HOS_T00030",
    "HOS_T00031",
    "HOS_T00032",
    "HOS_T00033",
    "HOS_T00034",
    "HOS_T00035",
    "HOS_T00036",
    "HOS_T00037",
    "HOS_T00038",
    "HOS_T00039",
    "HOS_T00040",
    "HOS_T00041",
    "HOS_T00042",
    "HOS_T00043",
    "HOS_T00044",
    "HOS_T00045",
    "HOS_T00046",
    "HOS_T00047",
    "HOS_T00048",
    "HOS_T00049",
    "HOS_T00050",
    "HOS_T00051",
    "HOS_T00052",
    "HOS_T00053",
    "HOS_T00054",
    "HOS_T00055",
    "HOS_T00056",
    "HOS_T00057",
    "HOS_T00058",
    "HOS_T00059",
    "HOS_T00060",
    "HOS_T00061",
    "HOS_T00062",
    "HOS_T00063",
    "HOS_T00064",
    "PZO_MON_T008",
    "PZO_MON_T009",
    "PZO_MON_T010",
    "PZO_MON_T011",
    "PZO_MON_T012",
    "PZO_MON_T013",
    "PZO_LO_T001",
    "PZO_MG_T001",
    "PZO_LO_T002",
    "PZO_MG_T002",
    "PZO_LO_T003",
    "PZO_MG_T003",
    "PZO_LO_T004",
    "PZO_MG_T004",
    "PZO_LO_T005",
    "PZO_MG_T005",
    "PZO_LO_T006",
    "PZO_MG_T006",
    "PZO_MG_T007",
    "PZO_MG_T008",
    "PZO_MG_T009",
    "PZO_LO_T010",
    "PZO_MG_T010",
    "PZO_LO_T011",
    "PZO_LO_T012",
    "PZO_LO_T013",
    "PZO_LO_T014",
    "PZO_LO_T015",
    "PZO_LO_T016",
    "PZO_LO_T020",
    "PZO_MG_T020",
    "PZO_LO_T021",
    "PZO_MG_T021",
    "PZO_LO_T022",
    "PZO_MG_T022",
    "PZO_LO_T023",
    "PZO_MG_T023",
    "PZO_LO_T024",
    "PZO_MG_T024",
    "PZO_MG_T025",
    "PZO_LO_T030",
    "PZO_MG_T030",
    "PZO_LO_T031",
    "PZO_MG_T031",
    "PZO_LO_T032",
    "PZO_MG_T032",
    "PZO_LO_T033",
    "PZO_MG_T033",
    "PZO_MG_T034",
    "PZO_LO_T040",
    "PZO_MG_T040",
    "PZO_LO_T041",
    "PZO_MG_T041",
    "PZO_LO_T042",
    "PZO_MG_T042",
    "PZO_LO_T043",
    "PZO_MG_T043",
    "PZO_MG_T044",
    "PZO_MG_T045",
    "PZO_MG_T046",
    "PZO_MG_T047",
    "PZO_MG_T048",
    "PZO_MG_T049",
    "PZO_LO_T050",
    "PZO_MG_T050",
    "PZO_LO_T051",
    "PZO_MG_T051",
    "PZO_LO_T052",
    "PZO_MG_T052",
    "PZO_MG_T053",
    "PZO_LO_T060",
    "PZO_MG_T060",
    "PZO_LO_T061",
    "PZO_MG_T061",
    "PZO_MG_T062",
    "PZO_MG_T063",
    "PZO_MG_T070",
    "PZO_MG_T071",
    "PZO_MG_T072",
    "PZO_MG_T073",
    "PZO_MG_T074",
    "PZO_MG_T075",
    "PZO_MG_T080",
    "PZO_MG_T081",
    "PZO_MG_T082",
    "PZO_MG_T083",
    "PZO_MON_T001",
    "PZO_MON_T002",
    "PZO_MON_T003",
    "PZO_MON_T004",
    "PZO_MON_T005",
    "PZO_MON_T006",
    "PZO_MON_T007",
    "PZO_MON_T020",
    "PZO_MON_T021",
    "PZO_MON_T022",
    "PZO_MON_T023",
    "PZO_MON_T024",
    "PZO_MON_T030",
    "PZO_MON_T031",
    "PZO_MON_T032",
    "PZO_MON_T033",
    "PZO_MON_T040",
    "PZO_MON_T041",
    "PZO_MON_T042",
    "PZO_MON_T043",
    "PZO_MON_T050",
    "PZO_MON_T051",
    "PZO_MON_T052",
    "PZO_MON_T053",
    "PZO_MON_T054",
    "PZO_MON_T060",
    "PZO_MON_T061",
    "PZO_MON_T062",
    "PZO_MON_T063",
    "PZO_MON_T070",
    "PZO_MON_T071",
    "PZO_MON_T072",
    "PZO_MON_T073",
    "PZO_MON_T074",
    "PZO_MON_T080",
    "PZO_MON_T081",
    "PZO_MON_T082",
    "PZO_MON_T083",
    "PZO_MON_T090",
    "PZO_MON_T091",
    "PZO_MON_T092",
    "PZO_MON_T093",
    "PZO_MON_T100",
    "PZO_MON_T101",
    "PZO_MON_T102",
    "PZO_MON_T103",
    "PZO_MON_T104",
    "PZO_MON_T110",
    "PZO_MON_T111",
    "PZO_MON_T112",
    "PZO_MON_T113",
    "PZO_MON_T130",
    "PZO_MON_T131",
    "PZO_MON_T132",
    "PZO_MON_T140",
    "PZO_MON_T141",
    "PZO_MON_T142",
    "PZO_MON_T143",
    "PZO_LOOPS_T001",
    "PZO_LOOPS_T002",
    "PZO_LOOPS_T003",
    "PZO_LOOPS_T004",
    "PZO_LOOPS_T005",
    "PZO_LOOPS_T006",
    "PZO_LOOPS_T007",
    "PZO_LOOPS_T008",
    "PZO_LOOPS_T009",
    "PZO_LOOPS_T020",
    "PZO_LOOPS_T021",
    "PZO_LOOPS_T022",
    "PZO_LOOPS_T023",
    "PZO_LOOPS_T024",
    "PZO_LOOPS_T025",
    "PZO_LOOPS_T026",
    "PZO_LOOPS_T027",
    "PZO_LOOPS_T028",
    "PZO_LOOPS_T029",
    "PZO_LOOPS_T030",
    "PZO_LOOPS_T031",
    "PZO_LOOPS_T032",
    "PZO_LOOPS_T033",
    "PZO_LOOPS_T034",
    "PZO_LOOPS_T040",
    "PZO_LOOPS_T041",
    "PZO_LOOPS_T042",
    "PZO_LOOPS_T043",
    "PZO_LOOPS_T044",
    "PZO_LOOPS_T050",
    "PZO_LOOPS_T051",
    "PZO_LOOPS_T052",
    "PZO_LOOPS_T053",
    "PZO_LOOPS_T054",
    "PZO_LOOPS_T060",
    "PZO_LOOPS_T061",
    "PZO_LOOPS_T062",
    "PZO_LOOPS_T070",
    "PZO_LOOPS_T071",
    "PZO_LOOPS_T072",
    "PZO_LOOPS_T080",
    "PZO_LOOPS_T081",
    "PZO_LOOPS_T082",
    "PZO_LOOPS_T083",
    "PZO_LOOPS_T084",
    "PZO_LOOPS_T090",
    "PZO_LOOPS_T091",
    "PZO_LOOPS_T092",
    "PZO_LOOPS_T093",
    "PZO_LOOPS_T094",
    "PZO_LOOPS_T100",
    "PZO_LOOPS_T101",
    "PZO_LOOPS_T102",
    "PZO_LOOPS_T103",
    "PZO_LOOPS_T104",
    "PZO_LOOPS_T110",
    "PZO_LOOPS_T111",
    "PZO_LOOPS_T112",
    "PZO_LOOPS_T113",
    "PZO_LOOPS_T114",
    "PZO_LOOPS_T120",
    "PZO_LOOPS_T121",
    "PZO_LOOPS_T122",
    "PZO_LOOPS_T123",
    "PZO_LOOPS_T124",
    "PZO_LOOPS_T125",
    "PZO_LOOPS_T126",
    "PZO_LOOPS_T130",
    "PZO_LOOPS_T131",
    "PZO_LOOPS_T132",
    "PZO_LOOPS_T133",
    "PZO_LOOPS_T134",
    "PZO_LOOPS_T140",
    "PZO_LOOPS_T141",
    "PZO_LOOPS_T142",
    "PZO_LIVE_T001",
    "PZO_LIVE_T002",
    "PZO_LIVE_T003",
    "PZO_LIVE_T004",
    "PZO_LIVE_T005",
    "PZO_LIVE_T006",
    "PZO_LIVE_T007",
    "PZO_NOTIF_T001",
    "PZO_NOTIF_T002",
    "PZO_NOTIF_T003",
    "PZO_NOTIF_T004",
    "PZO_NOTIF_T005",
    "PZO_NOTIF_T006",
    "PZO_NOTIF_T007",
    "PZO_ONB_T001",
    "PZO_ONB_T002",
    "PZO_ONB_T003",
    "PZO_ONB_T004",
    "PZO_ONB_T005",
    "PZO_ONB_T006",
    "PZO_ONB_T007",
    "PZO_ONB_T008",
    "PZO_ONB_T009",
    "PZO_ONB_T020",
    "PZO_ONB_T021",
    "PZO_ONB_T022",
    "PZO_ONB_T023",
    "PZO_ONB_T024",
    "PZO_ONB_T030",
    "PZO_ONB_T031",
    "PZO_ONB_T032",
    "PZO_ONB_T040",
    "PZO_ONB_T041",
    "PZO_ONB_T042",
    "PZO_ONB_T043",
    "PZO_ONB_T044",
    "PZO_ONB_T050",
    "PZO_ONB_T051",
    "PZO_ONB_T052",
    "PZO_ONB_T053",
    "PZO_ONB_T060",
    "PZO_ONB_T061",
    "PZO_ONB_T062",
    "PZO_ONB_T063",
    "PZO_ONB_T070",
    "PZO_ONB_T071",
    "PZO_ONB_T072",
    "PZO_ONB_T073",
    "PZO_ONB_T080",
    "PZO_ONB_T081",
    "PZO_ONB_T082",
    "PZO_ONB_T090",
    "PZO_ONB_T091",
    "PZO_ONB_T092",
    "PZO_ONB_T093",
    "PZO_ONB_T100",
    "PZO_ONB_T101",
    "PZO_ONB_T102",
    "PZO_ONB_T103",
    "PZO_ONB_T104",
    "PZO_ONB_T110",
    "PZO_ONB_T111",
    "PZO_ONB_T112",
    "PZO_ONB_T113",
    "PZO_ONB_T120",
    "PZO_ONB_T121",
    "PZO_ONB_T122",
    "PZO_ONB_T130",
    "PZO_ONB_T131",
    "PZO_ONB_T132",
    "PZO_ONB_T133",
    "PZO_ONB_T134",
    "PZO_ONB_T140",
    "PZO_ONB_T141",
    "PZO_ONB_T142",
    "PZO_ONB_T150",
    "PZO_ONB_T151",
    "PZO_REL_T001",
    "PZO_REL_T002",
    "PZO_REL_T003",
    "PZO_REL_T004",
    "PZO_REL_T005",
    "PZO_REL_T006",
    "PZO_REL_T007",
    "PZO_B2B_T001",
    "PZO_B2B_T002",
    "PZO_B2B_T003",
    "PZO_B2B_T004",
    "PZO_B2B_T005",
    "PZO_B2B_T006",
    "PZO_B2B_T007",
    "PZO_B2B_T008",
    "PZO_B2B_T009",
    "PZO_B2B_T010",
    "PZO_CS_T001",
    "PZO_CS_T002",
    "PZO_CS_T003",
    "PZO_CS_T004",
    "PZO_CS_T005",
    "PZO_CS_T006",
    "PZO_CS_T007",
    "PZO_CS_T008",
    "PZO_CS_T009",
    "PZO_CS_T010",
    "PZO_CS_T020",
    "PZO_CS_T021",
    "PZO_CS_T022",
    "PZO_CS_T023",
    "PZO_CS_T024",
    "PZO_CS_T025",
    "PZO_CS_T026",
    "PZO_CS_T027",
    "PZO_CS_T030",
    "PZO_CS_T031",
    "PZO_CS_T032",
    "PZO_CS_T033",
    "PZO_CS_T034",
    "PZO_CS_T035",
    "PZO_CS_T036",
    "PZO_CS_T040",
    "PZO_CS_T041",
    "PZO_CS_T042",
    "PZO_CS_T043",
    "PZO_CS_T044",
    "PZO_CS_T045",
    "PZO_CS_T046",
    "PZO_CS_T047",
    "PZO_CS_T048",
    "PZO_CS_T049",
    "PZO_CS_T050",
    "PZO_CS_T051",
    "PZO_CS_T052",
    "PZO_CS_T053",
    "PZO_CS_T054",
    "PZO_CS_T055",
    "PZO_CS_T056",
    "PZO_CS_T057",
    "PZO_CS_T070",
    "PZO_CS_T071",
    "PZO_CS_T072",
    "PZO_CS_T073",
    "PZO_CS_T074",
    "PZO_CS_T075",
    "PZO_CS_T080",
    "PZO_CS_T081",
    "PZO_CS_T082",
    "PZO_CS_T083",
    "PZO_CS_T084",
    "PZO_CS_T085",
    "PZO_CS_T086",
    "PZO_CS_T087",
    "PZO_CS_T088",
    "PZO_CS_T089",
    "PZO_CS_T090",
    "PZO_CS_T100",
    "PZO_CS_T101",
    "PZO_CS_T102",
    "PZO_CS_T103",
    "PZO_CS_T104",
    "PZO_CS_T105",
    "PZO_CS_T106",
    "PZO_CS_T107",
    "PZO_CS_T120",
    "PZO_CS_T121",
    "PZO_CS_T122",
    "PZO_CS_T123",
    "PZO_CS_T140",
    "PZO_CS_T141",
    "PZO_CS_T142",
    "PZO_CS_T143",
    "PZO_CURR_T001",
    "PZO_CURR_T002",
    "PZO_CURR_T003",
    "PZO_CURR_T004",
    "PZO_CURR_T005",
    "PZO_CURR_T006",
    "PZO_CURR_T007",
    "PZO_CURR_T008",
    "PZO_CURR_T009",
    "PZO_CURR_T020",
    "PZO_CURR_T021",
    "PZO_CURR_T022",
    "PZO_CURR_T023",
    "PZO_CURR_T024",
    "PZO_CURR_T025",
    "PZO_CURR_T030",
    "PZO_CURR_T031",
    "PZO_CURR_T032",
    "PZO_CURR_T033",
    "PZO_CURR_T034",
    "PZO_CURR_T040",
    "PZO_CURR_T041",
    "PZO_CURR_T042",
    "PZO_CURR_T043",
    "PZO_CURR_T050",
    "PZO_CURR_T051",
    "PZO_CURR_T052",
    "PZO_CURR_T053",
    "PZO_CURR_T054",
    "PZO_CURR_T060",
    "PZO_CURR_T061",
    "PZO_CURR_T062",
    "PZO_CURR_T063",
    "PZO_CURR_T064",
    "PZO_CURR_T070",
    "PZO_CURR_T071",
    "PZO_CURR_T072",
    "PZO_CURR_T073",
    "PZO_CURR_T080",
    "PZO_CURR_T081",
    "PZO_CURR_T082",
    "PZO_CURR_T090",
    "PZO_CURR_T091",
    "PZO_CURR_T092",
    "PZO_CURR_T100",
    "PZO_CURR_T101",
    "PZO_CURR_T102",
    "PZO_CURR_T103",
    "PZO_CURR_T104",
    "PZO_CURR_T105",
    "PZO_CURR_T106",
    "PZO_CURR_T107",
    "PZO_CURR_T120",
    "PZO_CURR_T121",
    "PZO_CURR_T122",
    "PZO_CURR_T130",
    "PZO_CURR_T131",
    "PZO_CURR_T132",
    "PZO_CURR_T133",
    "PZO_CURR_T134",
    "PZO_CURR_T135",
    "PZO_DIST_T001",
    "PZO_DIST_T002",
    "PZO_DIST_T003",
    "PZO_DIST_T004",
    "PZO_DIST_T005",
    "PZO_DIST_T006",
    "PZO_DIST_T007",
    "PZO_DIST_T008",
    "PZO_DIST_T009",
    "PZO_DIST_T020",
    "PZO_DIST_T021",
    "PZO_DIST_T022",
    "PZO_DIST_T023",
    "PZO_DIST_T024",
    "PZO_DIST_T025",
    "PZO_DIST_T030",
    "PZO_DIST_T031",
    "PZO_DIST_T032",
    "PZO_DIST_T033",
    "PZO_DIST_T034",
    "PZO_DIST_T040",
    "PZO_DIST_T041",
    "PZO_DIST_T042",
    "PZO_DIST_T043",
    "PZO_DIST_T050",
    "PZO_DIST_T051",
    "PZO_DIST_T052",
    "PZO_DIST_T053",
    "PZO_DIST_T054",
    "PZO_DIST_T055",
    "PZO_DIST_T060",
    "PZO_DIST_T061",
    "PZO_DIST_T062",
    "PZO_DIST_T063",
    "PZO_DIST_T070",
    "PZO_DIST_T071",
    "PZO_DIST_T072",
    "PZO_DIST_T073",
    "PZO_DIST_T074",
    "PZO_DIST_T080",
    "PZO_DIST_T081",
    "PZO_DIST_T082",
    "PZO_DIST_T083",
    "PZO_DIST_T090",
    "PZO_DIST_T091",
    "PZO_DIST_T092",
    "PZO_DIST_T093",
    "PZO_DIST_T100",
    "PZO_DIST_T101",
    "PZO_DIST_T102",
    "PZO_DIST_T103",
    "PZO_DIST_T104",
    "PZO_DIST_T105",
    "PZO_DIST_T106",
    "PZO_DIST_T110",
    "PZO_DIST_T111",
    "PZO_DIST_T112",
    "PZO_DIST_T120",
    "PZO_DIST_T121",
    "PZO_DIST_T122",
    "PZO_DIST_T123",
    "PZO_DIST_T124",
    "PZO_DIST_T130",
    "PZO_DIST_T131",
    "PZO_DIST_T132",
    "PZO_DIST_T133",
    "PZO_DIST_T140",
    "PZO_DIST_T141",
    "PZO_DIST_T142",
    "PZO_DIST_T143",
    "PZO_DIST_T144",
    "PZO_PHYS_T001",
    "PZO_PHYS_T002",
    "PZO_PHYS_T003",
    "PZO_PHYS_T004",
    "PZO_PHYS_T005",
    "PZO_PHYS_T006",
    "PZO_LAUNCH_T001",
    "PZO_LAUNCH_T002",
    "PZO_LAUNCH_T003",
    "PZO_LAUNCH_T004",
    "PZO_LAUNCH_T005",
    "PZO_LAUNCH_T006",
    "PZO_LAUNCH_T007",
    "PZO_LAUNCH_T008",
    "PZO_LAUNCH_T009",
    "PZO_LAUNCH_T010",
    "PZO_LAUNCH_T011",
    "PZO_LAUNCH_T012",
    "PZO_LAUNCH_T013",
    "PZO_LAUNCH_T014",
    "PZO_DEPLOY_T001",
    "PZO_DEPLOY_T002",
    "PZO_DEPLOY_T003",
    "PZO_DEPLOY_T010",
    "PZO_DEPLOY_T020",
    "PZO_DEPLOY_T021",
    "PZO_DEPLOY_T022",
    "PZO_DEPLOY_T030",
    "PZO_DEPLOY_T031",
    "PZO_DEPLOY_T040",
    "PZO_DEPLOY_T041",
    "PZO_DEPLOY_T050",
    "PZO_DEPLOY_T060",
    "PZO_LOSS_T001",
    "PZO_LOSS_T002",
    "PZO_LOSS_T003",
    "PZO_LOSS_T004",
    "PZO_LOSS_T005",
    "PZO_LOSS_T006",
    "PZO_LOSS_T007",
    "PZO_LOSS_T020",
    "PZO_LOSS_T021",
    "PZO_LOSS_T022",
    "PZO_LOSS_T023",
    "PZO_LOSS_T024",
    "PZO_LOSS_T030",
    "PZO_LOSS_T031",
    "PZO_LOSS_T032",
    "PZO_LOSS_T033",
    "PZO_LOSS_T034",
    "PZO_LOSS_T040",
    "PZO_LOSS_T041",
    "PZO_LOSS_T042",
    "PZO_LOSS_T050",
    "PZO_LOSS_T051",
    "PZO_LOSS_T052",
    "PZO_LOSS_T053",
    "PZO_LOSS_T054",
    "PZO_LOSS_T060",
    "PZO_LOSS_T061",
    "PZO_LOSS_T062",
    "PZO_LOSS_T063",
    "PZO_LOSS_T064",
    "PZO_LOSS_T070",
    "PZO_LOSS_T071",
    "PZO_LOSS_T072",
    "PZO_LOSS_T073",
    "PZO_LOSS_T074",
    "PZO_LOSS_T080",
    "PZO_LOSS_T081",
    "PZO_LOSS_T082",
    "PZO_LOSS_T083",
    "PZO_LOSS_T084",
    "PZO_LOSS_T090",
    "PZO_LOSS_T091",
    "PZO_LOSS_T092",
    "PZO_LOSS_T093",
    "PZO_LOSS_T100",
    "PZO_LOSS_T101",
    "PZO_LOSS_T102",
    "PZO_LOSS_T103",
    "PZO_LOSS_T110",
    "PZO_LOSS_T111",
    "PZO_LOSS_T112",
    "PZO_LOSS_T113",
    "PZO_LOSS_T114",
    "PZO_LOSS_T115",
    "PZO_LOSS_T116",
    "PZO_LOSS_T117",
    "PZO_LOSS_T130",
    "PZO_LOSS_T131",
    "PZO_LOSS_T132",
    "PZO_LOSS_T140",
    "PZO_LOSS_T141",
    "PZO_INTEGRITY_T001",
    "PZO_INTEGRITY_T002",
    "PZO_INTEGRITY_T003",
    "PZO_INTEGRITY_T004",
    "PZO_INTEGRITY_T005",
    "PZO_INTEGRITY_T006",
    "PZO_INTEGRITY_T010",
    "PZO_INTEGRITY_T011",
    "PZO_INTEGRITY_T012",
    "PZO_INTEGRITY_T013",
    "PZO_INTEGRITY_T014",
    "PZO_INTEGRITY_T015",
    "PZO_INTEGRITY_T016",
    "PZO_INTEGRITY_T017",
    "PZO_INTEGRITY_T020",
    "PZO_INTEGRITY_T021",
    "PZO_INTEGRITY_T022",
    "PZO_INTEGRITY_T023",
    "PZO_INTEGRITY_T024",
    "PZO_INTEGRITY_T030",
    "PZO_INTEGRITY_T031",
    "PZO_INTEGRITY_T032",
    "PZO_INTEGRITY_T033",
    "PZO_INTEGRITY_T034",
    "PZO_INTEGRITY_T040",
    "PZO_INTEGRITY_T041",
    "PZO_INTEGRITY_T042",
    "PZO_INTEGRITY_T050",
    "PZO_INTEGRITY_T051",
    "PZO_INTEGRITY_T052",
    "PZO_INTEGRITY_T053",
    "PZO_INTEGRITY_T060",
    "PZO_INTEGRITY_T061",
    "PZO_INTEGRITY_T062",
    "PZO_INTEGRITY_T063",
    "PZO_INTEGRITY_T064",
    "PZO_IP_T001",
    "PZO_IP_T002",
    "PZO_IP_T003",
    "PZO_IP_T004",
    "PZO_IP_T005",
    "PZO_IP_T006",
    "PZO_IP_T007",
    "PZO_IP_T008",
    "PZO_IP_T020",
    "PZO_IP_T021",
    "PZO_IP_T022",
    "PZO_IP_T023",
    "PZO_IP_T024",
    "PZO_IP_T025",
    "PZO_IP_T026",
    "PZO_IP_T030",
    "PZO_IP_T031",
    "PZO_IP_T032",
    "PZO_IP_T040",
    "PZO_IP_T041",
    "PZO_IP_T042",
    "PZO_IP_T043",
    "PZO_IP_T044",
    "PZO_IP_T045",
    "PZO_IP_T046",
    "PZO_IP_T047",
    "PZO_IP_T048",
    "PZO_IP_T049",
    "PZO_IP_T050",
    "PZO_IP_T051",
    "PZO_IP_T060",
    "PZO_IP_T061",
    "PZO_IP_T062",
    "PZO_IP_T063",
    "PZO_IP_T070",
    "PZO_IP_T071",
    "PZO_IP_T072",
    "PZO_IP_T073",
    "PZO_IP_T074",
    "PZO_IP_T075",
    "PZO_IP_T076",
    "PZO_IP_T077",
    "PZO_IP_T078",
    "PZO_IP_T079",
    "PZO_IP_T080",
    "PZO_IP_T081",
    "PZO_IP_T082",
    "PZO_IP_T083",
    "PZO_IP_T084",
    "PZO_IP_T085",
    "PZO_IP_T086",
    "PZO_IP_T087",
    "PZO_IP_T088",
    "PZO_IP_T090",
    "PZO_IP_T091",
    "PZO_IP_T092",
    "PZO_IP_T093",
    "PZO_INTM_T001",
    "PZO_INTM_T002",
    "PZO_INTM_T003",
    "PZO_INTM_T004",
    "PZO_W1_T001",
    "PZO_W1_T002",
    "PZO_W1_T003",
    "PZO_W1_T004",
    "PZO_W1_T005",
    "PZO_W1_T006",
    "PZO_W1_T007",
    "PZO_W2_T001",
    "PZO_W2_T002",
    "PZO_W2_T003",
    "PZO_W2_T004",
    "PZO_W2_T005",
    "PZO_W2_T006",
    "PZO_W2_T007",
    "PZO_W3_T001",
    "PZO_W3_T002",
    "PZO_W3_T003",
    "PZO_W3_T004",
    "PZO_W3_T005",
    "PZO_W3_T006",
    "PZO_W4_T001",
    "PZO_W4_T002",
    "PZO_W4_T003",
    "PZO_W4_T004",
    "PZO_W4_T005",
    "PZO_W4_T006",
    "PZO_W4_T007",
    "PZO_W5_T001",
    "PZO_W5_T002",
    "PZO_W5_T003",
    "PZO_W5_T004",
    "PZO_W5_T005",
    "PZO_W5_T006",
    "PZO_W5_T007",
    "PZO_W7_T001",
    "PZO_W7_T002",
    "PZO_W7_T003",
    "PZO_W7_T004",
    "PZO_W7_T005",
    "PZO_ML_T001",
    "PZO_ML_T002",
    "PZO_ML_T003",
    "PZO_ML_T004",
    "PZO_ML_T005",
    "PZO_ML_T006",
    "PZO_ML_T007",
    "PZO_ML_T008",
    "PZO_MOB_T001",
    "PZO_MOB_T002",
    "PZO_MOB_T003",
    "PZO_MOB_T004",
    "PZO_MOB_T005",
    "PZO_SEC_T001",
    "PZO_SEC_T002",
    "PZO_SEC_T003",
    "PZO_SEC_T004",
    "PZO_SEC_T005",
    "PZO_SEC_T006",
    "PZO_QA_T001",
    "PZO_QA_T002",
    "PZO_QA_T003",
    "PZO_QA_T004",
    "PZO_QA_T005"
  ],
  "failed": [
    {
      "task_id": "PZO_LADDER_T080",
      "reason": "ollama_error",
      "at": 1771630522.707166
    },
    {
      "task_id": "PZO_LADDB_T011",
      "reason": "ollama_error",
      "at": 1771634186.048995
    },
    {
      "task_id": "PZO_S0_T050",
      "reason": "ollama_error",
      "at": 1771637839.2133691
    },
    {
      "task_id": "PZO_S0_T090",
      "reason": "ollama_error",
      "at": 1771640752.924793
    },
    {
      "task_id": "PZO_CREATOR_T161",
      "reason": "ollama_error",
      "at": 1771655129.443413
    },
    {
      "task_id": "HOS_T00047",
      "reason": "ollama_error",
      "at": 1771663972.3367062
    }
  ],
  "skipped": [],
  "crash_count": 6,
  "current_task": null,
  "session": "pzo-deploy"
}